"questionnaire","item","skewness","conf_correlation","reversed","inattention_d","ci_low","ci_high","AD","CIT","SW"
"SDS","zung.10",0.797011154615264,-0.119902145641551,FALSE,-0.105960294702297,-0.326972776174756,0.115168495340082,0.0152510956665847,0.0177006232542035,8.65410083741223e-05
"SDS","zung.11",0.120025555136085,-0.102902047492925,TRUE,-0.0646432000185358,-0.285611080233358,0.156395670912572,0.0187389701395055,0.00404498205324471,-1.9702261325047e-05
"SDS","zung.12",0.18378288693242,-0.104990143367881,TRUE,-0.0793511157067306,-0.30033113205045,0.141716034170164,0.0259942531279786,-0.00284289901078275,-0.000572244317202178
"SDS","zung.13",1.11140077664793,-0.0356783109382086,FALSE,0.0321569154811481,-0.188834105196941,0.2531126044686,0.0101250702867646,0.0124104241534565,-0.00109064946112764
"SDS","zung.14",0.136635432502048,-0.274257810741682,TRUE,-0.556056172570421,-0.779654202756852,-0.331862333503247,0.0373380229573091,-0.0106142909139899,-0.00147141528470784
"SDS","zung.16",0.124125067650333,-0.232123302463813,TRUE,-0.35361858625231,-0.57558039937908,-0.13127223752678,0.0261752289193004,-0.00275363813108282,0.0041357666378733
"SDS","zung.17",0.306995950254668,-0.277530968825086,TRUE,-0.290711411160503,-0.512321674933028,-0.0687839579203352,0.049114105151425,-0.00837617490994043,-0.00209253389141101
"SDS","zung.18",0.0418457489714487,-0.178565309055076,TRUE,-0.118976833083788,-0.340010135667073,0.102187030067598,0.0433429135862336,-0.0110673228983056,-0.00470134204493069
"SDS","zung.20",0.268747052786047,-0.136232798621084,TRUE,-0.151411524525589,-0.372510751018035,0.06985373044118,0.0324947232593177,-0.00204236879461698,0.00266293685872608
"LSAS","leb.2",0.608388071616929,-0.159441033856973,FALSE,-0.200169153318173,-0.421405239224036,0.0212861132389923,0.000495134373400216,-0.00567241111010264,0.0641270074245871
"LSAS","leb.5",0.344249700881612,-0.108671107176575,FALSE,0.0140946276893659,-0.206878499655648,0.235052261224245,0.00340954679511927,0.00204393658209247,0.0389692494884693
"LSAS","leb.6",-0.457800619973007,-0.218104187191959,FALSE,-0.269833029252858,-0.491343197736519,-0.0480281837294327,-0.00304733596246666,-0.00953766022523476,0.0442540770194186
"LSAS","leb.7",0.32474179994651,-0.205847304386251,FALSE,-0.2412595617719,-0.462646140703902,-0.0196091885510729,0.00388769418737572,-0.0114650587857127,0.0733462651765139
"LSAS","leb.8",0.312324197619377,-0.0634024496413088,FALSE,-0.108931184191993,-0.329948137590721,0.112205329225381,-0.0023998949342278,0.00296074294585984,0.049942996051958
"LSAS","leb.9",0.429108886095901,-0.056767470751693,FALSE,0.00955677158890319,-0.211412836722124,0.230515885769566,-0.00366810309586725,0.00455637785406567,0.0387069154899096
"LSAS","leb.10",0.268283527159791,-0.196580836942446,FALSE,-0.10953687883918,-0.330554764287595,0.111601226557838,-0.000175509326510275,-0.000126471524249303,0.0550048390177598
"LSAS","leb.11",0.398278287089667,-0.0974162438874894,FALSE,-0.0125942514575306,-0.233552329516439,0.208377654104782,-0.00406925038109021,0.000591826481201402,0.087977121319425
"LSAS","leb.12",0.355619473414416,-0.154840112247039,FALSE,-0.0639278067364457,-0.284895194201561,0.157109800126367,-0.00593998581333997,-0.00229083797517508,0.096551770959207
"LSAS","leb.14",0.458218703431008,-0.0451083208567485,FALSE,0.16339209324124,-0.0579156795794048,0.384520765185758,-0.00811695569832356,0.00964956736270151,0.0470539160909031
"LSAS","leb.15",-0.228390207942151,-0.155013907525312,FALSE,-0.0671563396133146,-0.288125996945477,0.153887068249033,-0.00396866237986364,-0.0159490525544951,0.0834803657023855
"LSAS","leb.16",0.0244177112673812,-0.0922624766986455,FALSE,-0.0873312225728367,-0.308319571450884,0.133752997023183,-0.00596043830994424,-0.00723560096465573,0.0799700347778578
"LSAS","leb.18",0.355239805074255,-0.153154917245749,FALSE,-0.0962260916914735,-0.317225114809641,0.124878598336855,-0.00558354195822397,0.00225613240565718,0.0513262315733388
"LSAS","leb.19",0.624439252244906,-0.0375778629097167,FALSE,0.332726136821548,0.110527142126058,0.554562886009445,-0.0015798058984925,0.00384525111701864,0.0439594049373228
"LSAS","leb.20",0.377844814602922,-0.133361509832818,FALSE,-0.159471562737101,-0.380590283529316,0.0618219974692,-0.00332695215539047,-0.00976386675330461,0.0535520740532499
"LSAS","leb.21",0.11926621857927,-0.272183805630484,FALSE,-0.399184473788286,-0.621447595574505,-0.176488465203638,0.00363814429379805,-0.00901180954310692,0.0410569347719352
"LSAS","leb.22",0.838559961112675,-0.0583237515164104,FALSE,-0.0288332082056401,-0.249788777997833,0.192154034857739,-0.00260987104430327,0.00968900274521656,0.033532510151666
"LSAS","leb.23",0.133928772588311,-0.216387531434391,FALSE,-0.0847338495969282,-0.305719351960176,0.136344686325143,0.000524603214890064,-0.00669914104214593,0.0495838833565264
"LSAS","leb.24",0.692490642609894,-0.00479092476042898,FALSE,0.112094123261825,-0.109050796133495,0.333116026276733,-0.00307583268922229,0.00415295197470691,0.0341562024399541
"STAI","anxiety.1",0.172575288108201,-0.240945515689328,TRUE,-0.240634162818896,-0.462018235263,-0.0189870045097218,0.0473590249642162,-0.0103705703361262,0.00220944229221916
"STAI","anxiety.3",0.225941072292837,-0.281168845865805,TRUE,-0.283826123225036,-0.505402467832509,-0.0619400070715347,0.0543748594008433,-0.0149420975324231,5.77512442488041e-05
"STAI","anxiety.4",-0.118408631622738,-0.107740489969642,TRUE,0.0219008988973418,-0.199079193623309,0.24285693409913,0.0209665752925486,0.00834015710593283,0.00781569034336894
"STAI","anxiety.5",0.74672453608856,-0.222137429151535,TRUE,-0.348567550154786,-0.570498372012752,-0.12625756424068,0.0464269070337638,0.00516944905070072,0.00297306111153696
"STAI","anxiety.7",0.209648824074129,-0.172824209138788,TRUE,-0.239048285087292,-0.460425951590786,-0.0174092208053969,0.024829845860621,-0.00275189619318514,0.00591018901668967
"STAI","anxiety.8",0.598714230803118,-0.078011140559268,FALSE,-0.00669969011662537,-0.227659912546477,0.214267912372576,0.0283956359812341,0.0118127081370776,0.00199414117206823
"STAI","anxiety.10",0.359991487119568,-0.265693357553308,TRUE,-0.288157745214752,-0.509755329909933,-0.0662457409559641,0.0651254693140057,-0.0185604719187334,0.000813413060894085
"STAI","anxiety.11",0.786197711921075,-0.0356670767779109,FALSE,-0.0750840861171044,-0.296060160565275,0.145974439738694,0.0136348775623277,0.0299862190441238,-0.00337667444075044
"STAI","anxiety.12",0.222294854775994,-0.271320987103362,FALSE,-0.37369311334005,-0.595782848971768,-0.151197468263269,0.0257245963135969,0.000266726495296218,0.024056778764651
"STAI","anxiety.13",0.134719635893632,-0.2721669572941,TRUE,-0.223774126908555,-0.445092738613868,-0.00221068262388847,0.0420296286383406,-0.008311531306134,0.00285402818849002
"STAI","anxiety.16",0.295886590827432,-0.222300400655425,TRUE,-0.115533642511045,-0.3365611408869,0.105620625911112,0.0488022101658562,-0.0128336274101227,-0.00251461658030097
"STAI","anxiety.17",0.452597335223074,-0.0510632182213405,FALSE,0.076503328566785,-0.144558028415521,0.297480678624091,0.00768359919214996,0.0303434657942322,0.00401205856352656
"STAI","anxiety.19",0.306522232121464,-0.121784239405988,TRUE,0.127020402592947,-0.0941667221994412,0.348068184857927,0.0332126542448078,-0.000523681303398848,-0.0019206138007274
"STAI","anxiety.20",0.397828170421029,-0.0195947271308863,FALSE,0.231663597304219,0.0100616493365762,0.45301215318441,0.0186328757915899,0.0219866027246382,0.00609202652171001
"OCI","ocir.2",0.239846537983021,0.105438009574146,FALSE,0.325728021068314,0.103576548629561,0.54752472879054,-0.00613470606081375,0.0297394257377381,0.00383355649101734
"OCI","ocir.3",0.551140133700597,0.14283620399117,FALSE,0.425480972975835,0.202565572566809,0.647935769292375,-0.0140226662618265,0.0339429930754937,0.011561874211813
"OCI","ocir.4",0.949194849745596,0.102453755402025,FALSE,0.597678559817985,0.373011647464193,0.821707514222181,-0.0073719633832808,0.0306000855435977,0.000663217139404237
"OCI","ocir.6",0.836656876410615,-0.0197374126230579,FALSE,0.201294052878241,-0.0201661327409574,0.422533841053666,0.00677341236533195,0.0398361448793182,0.00309955839556764
"OCI","ocir.7",1.10858016646634,-0.0358359129774449,FALSE,0.155647830659249,-0.0656321421240055,0.37675714734871,0.000918216199904074,0.0252808109702991,-0.00310417543952694
"OCI","ocir.9",0.500587062521742,0.0536549759711294,FALSE,0.264110270637809,0.0423376024139246,0.485594459070444,-0.00946548042265024,0.0290217952042674,0.0125645112593319
"OCI","ocir.11",1.41658370295391,0.15291084842336,FALSE,0.520986426295998,0.297166706470324,0.744246217053258,-0.0103742854942442,0.039246103997516,0.00110836168996629
"OCI","ocir.12",0.916855542659455,0.0448830996224046,FALSE,0.379184602629588,0.156646831304465,0.601310664591551,0.00252461315312748,0.0453632483519851,0.000809871972926878
"OCI","ocir.13",0.634727879576579,0.0121541631281874,FALSE,0.279528395019647,0.0576676386551316,0.501084018803532,-0.00314290154110744,0.0236894738851502,0.00425534843850133
"OCI","ocir.15",0.659184349374603,0.128980485197812,FALSE,0.480108419291599,0.256696324672464,0.703002840181771,-0.0155476891866105,0.0332597294784761,0.0108465112346326
"OCI","ocir.18",1.30515056867331,-0.00899600701775547,FALSE,0.247112759442738,0.0254319909201883,0.468523395469473,0.0055434508488451,0.0450435302313488,-0.00215425816537861
"BIS","bis.6",0.618267077137486,-0.062942912554136,FALSE,0.189237448779923,-0.0321712951107859,0.41043891473273,0.00912525432200789,0.0301859583960931,-0.00443302716543744
"BIS","bis.9",0.202746049529069,-0.118217610510194,TRUE,-0.115214188346018,-0.336241149496153,0.105939202746901,0.0211551566919331,0.00560323711594621,-0.00788213027290502
"BIS","bis.13",0.280457403902343,-0.0759137050253626,TRUE,-0.257079539944682,-0.478532623539327,-0.0353455473562833,0.0232638791096228,-0.0086853669918707,-0.0088719719882101
"BIS","bis.14",0.824303728535831,0.0529106536665057,FALSE,0.0162113255928645,-0.204763567438432,0.237168414548444,0.00733617644142489,0.0207775046507659,-0.0132500722223787
"BIS","bis.17",0.7344961791993,0.0926705750917163,FALSE,0.0559176019874836,-0.16510643687357,0.276880245247363,0.00921487134446079,0.0181214201092203,-0.0163895297790759
"BIS","bis.19",0.737327994107018,0.193832895466069,FALSE,0.183668445015101,-0.0377174793697943,0.404853146531754,0.00630986583384049,0.0163302822506748,-0.0172055414041425
"BIS","bis.20",0.27469548295379,-0.0532065901144065,TRUE,0.0311054955082426,-0.189884305148779,0.252061116983942,0.015146494425116,0.00129341933666975,-0.00655219626576073
"BIS","bis.22",0.620526247085974,-0.0240101132061701,FALSE,0.0118680590111357,-0.20910327418757,0.23282636771337,0.00671137924774963,0.0169691985931702,-0.0103557634101392
"BIS","bis.25",1.26044788651272,0.113295983038423,FALSE,0.217593960605858,-0.00394013870096621,0.438889950128714,0.0124452239724359,0.0142073731629459,-0.0115475720954906
"EAT","eat.1",0.0551827069993066,0.0298479549476188,FALSE,-0.264386685493397,-0.48587210105145,-0.0426124696871926,-0.003809791226199,0.0280204518463981,0.0043196254040171
"EAT","eat.11",-0.11745700983801,0.09869865710585,FALSE,0.0238073138908506,-0.197174655168584,0.244763127690841,-0.00427711934362197,0.033033591773549,0.00532113846325232
"AES","apathy.1",0.631917809975475,-0.0664242903910978,TRUE,0.134444235634917,-0.086765451843295,0.355506473369574,0.0246837186763249,-0.00596888720507037,0.00149445876430473
"AES","apathy.2",0.445752501888014,-0.152261431216475,TRUE,-0.098223193854237,-0.319224856869186,0.122886285403889,0.0307789734950547,-0.00886249150023471,-0.00513075635365447
"AES","apathy.7",-0.0901688724827295,-0.19167530935307,TRUE,-0.390794452864253,-0.612999154702431,-0.168165723526089,0.0271230621649912,-0.0239417460157228,0.00975019696849675
"AES","apathy.8",0.606524726343017,-0.119675878132433,TRUE,-0.0626035013819696,-0.283570014770834,0.158431766209917,0.0206439506119964,-0.00241511900364209,-0.00690706836968189
"AES","apathy.16",0.576124791239974,-0.0963366041299217,TRUE,-0.191502837806676,-0.41271128863378,0.0299153643222459,0.0243724824946058,-0.00975892761384632,-0.00731391520158142
"AES","apathy.17",0.303914368071238,-0.199661931055181,TRUE,-0.18188206393657,-0.403061507459757,0.0394966641001773,0.0440963272422447,-0.0213751668468989,0.00155382792218914
"AES","apathy.18",0.297064389507783,-0.221216796114702,TRUE,-0.345122476919796,-0.567032445100924,-0.122837027939483,0.050243444924185,-0.0245143383707521,0.000778746863205815
